{
    "Inimigo_FAIRY-Tipo_None": {
        "22": 0.4,
        "45": -0.2,
        "33": 0.562
    },
    "Inimigo_NORMAL-Tipo_None": {
        "33": 0.671,
        "22": 0.0
    },
    "Inimigo_NORMAL-FLYING": {
        "33": -0.26,
        "45": -0.72
    },
    "Inimigo_DARK-Tipo_None": {
        "22": 0.348,
        "33": 0.984
    },
    "Inimigo_BUG-POISON": {
        "33": 0.8400000000000001,
        "22": -0.30000000000000004
    },
    "Inimigo_BUG-Tipo_None": {
        "45": -0.6000000000000001,
        "22": 0.5
    },
    "Inimigo_FLYING-Tipo_None": {
        "45": -1.0,
        "22": -0.1
    }
}