{
    "InimigoT_0-0": {
        "22": 1.6654410000000002,
        "45": -1.4516,
        "33": 0.5924800000000001,
        "164": -0.5
    }
}